rider_id,rider_name,sign_up_date
1,Rider_1,2022-08-30
2,Rider_2,2023-01-07
3,Rider_3,2022-04-12
4,Rider_4,2023-12-04
5,Rider_5,2023-01-12
6,Rider_6,2023-07-12
7,Rider_7,2023-10-23
8,Rider_8,2023-01-03
9,Rider_9,2022-03-04
10,Rider_10,2023-02-12
11,Rider_11,2022-10-10
12,Rider_12,2022-07-14
13,Rider_13,2022-05-06
14,Rider_14,2023-04-11
15,Rider_15,2022-04-04
16,Rider_16,2023-11-10
17,Rider_17,2022-08-06
18,Rider_18,2023-10-20
19,Rider_19,2023-10-17
20,Rider_20,2023-09-04
21,Rider_21,2022-01-22
22,Rider_22,2022-02-21
23,Rider_23,2022-12-08
24,Rider_24,2022-09-07
25,Rider_25,2022-05-09
26,Rider_26,2023-08-02
27,Rider_27,2022-07-30
28,Rider_28,2022-03-12
29,Rider_29,2023-07-22
30,Rider_30,2022-08-01
31,Rider_31,2023-08-24
32,Rider_32,2022-08-10
33,Rider_33,2022-08-27
34,Rider_34,2022-12-03
35,Rider_35,2022-06-01
36,Rider_36,2023-09-03
37,Rider_37,2022-01-03
38,Rider_38,2022-10-11
39,Rider_39,2022-05-29
40,Rider_40,2022-05-14
41,Rider_41,2023-07-08
42,Rider_42,2022-09-14
43,Rider_43,2022-06-28
44,Rider_44,2022-04-23
45,Rider_45,2023-11-08
46,Rider_46,2022-01-27
47,Rider_47,2022-05-15
48,Rider_48,2022-01-16
49,Rider_49,2023-01-02
50,Rider_50,2022-09-01
51,Rider_51,2023-08-26
52,Rider_52,2022-11-28
53,Rider_53,2022-01-17
54,Rider_54,2022-06-28
55,Rider_55,2022-09-29
56,Rider_56,2022-02-23
57,Rider_57,2022-05-10
58,Rider_58,2023-03-08
59,Rider_59,2023-06-23
60,Rider_60,2022-04-27
61,Rider_61,2022-03-07
62,Rider_62,2023-05-03
63,Rider_63,2023-04-05
64,Rider_64,2023-01-06
65,Rider_65,2023-06-10
66,Rider_66,2023-08-31
67,Rider_67,2022-04-22
68,Rider_68,2023-04-08
69,Rider_69,2023-05-31
70,Rider_70,2022-08-15
71,Rider_71,2023-09-22
72,Rider_72,2022-02-14
73,Rider_73,2023-11-06
74,Rider_74,2023-06-18
75,Rider_75,2022-11-05
76,Rider_76,2023-04-15
77,Rider_77,2023-10-21
78,Rider_78,2022-02-01
79,Rider_79,2022-03-04
80,Rider_80,2023-05-06
81,Rider_81,2023-02-16
82,Rider_82,2023-03-13
83,Rider_83,2023-12-04
84,Rider_84,2022-04-21
85,Rider_85,2023-05-18
86,Rider_86,2023-12-31
87,Rider_87,2023-03-31
88,Rider_88,2022-03-17
89,Rider_89,2022-03-24
90,Rider_90,2022-11-26
91,Rider_91,2023-09-15
92,Rider_92,2022-06-01
93,Rider_93,2022-03-09
94,Rider_94,2022-05-10
95,Rider_95,2022-10-09
96,Rider_96,2023-10-02
97,Rider_97,2023-10-11
98,Rider_98,2023-08-23
99,Rider_99,2023-07-16
100,Rider_100,2023-12-31
101,Rider_101,2022-11-29
102,Rider_102,2023-01-26
103,Rider_103,2023-09-04
104,Rider_104,2023-06-28
105,Rider_105,2022-10-29
106,Rider_106,2023-04-10
107,Rider_107,2023-06-02
108,Rider_108,2023-09-12
109,Rider_109,2023-03-17
110,Rider_110,2022-04-12
111,Rider_111,2023-12-20
112,Rider_112,2022-04-28
113,Rider_113,2023-11-02
114,Rider_114,2023-10-29
115,Rider_115,2023-07-19
116,Rider_116,2022-08-09
117,Rider_117,2023-03-17
118,Rider_118,2023-04-08
119,Rider_119,2022-08-22
120,Rider_120,2023-02-28
121,Rider_121,2022-12-14
122,Rider_122,2023-04-10
123,Rider_123,2023-02-13
124,Rider_124,2023-03-02
125,Rider_125,2022-04-08
126,Rider_126,2022-11-17
127,Rider_127,2023-03-14
128,Rider_128,2022-11-17
129,Rider_129,2023-11-13
130,Rider_130,2022-09-19
131,Rider_131,2023-01-19
132,Rider_132,2022-06-06
133,Rider_133,2023-12-05
134,Rider_134,2023-05-01
135,Rider_135,2022-03-10
136,Rider_136,2022-04-04
137,Rider_137,2022-03-29
138,Rider_138,2022-04-06
139,Rider_139,2023-03-19
140,Rider_140,2022-04-09
141,Rider_141,2023-01-17
142,Rider_142,2022-05-14
143,Rider_143,2023-07-24
144,Rider_144,2022-03-03
145,Rider_145,2023-08-24
146,Rider_146,2023-07-30
147,Rider_147,2023-07-30
148,Rider_148,2022-12-04
149,Rider_149,2023-11-18
150,Rider_150,2022-05-06
151,Rider_151,2023-02-25
152,Rider_152,2022-12-29
153,Rider_153,2023-11-13
154,Rider_154,2023-03-10
155,Rider_155,2022-02-22
156,Rider_156,2022-10-22
157,Rider_157,2023-09-07
158,Rider_158,2022-11-16
159,Rider_159,2022-12-27
160,Rider_160,2022-04-17
161,Rider_161,2023-08-15
162,Rider_162,2023-06-04
163,Rider_163,2022-08-06
164,Rider_164,2022-06-08
165,Rider_165,2023-11-04
166,Rider_166,2023-05-09
167,Rider_167,2022-08-18
168,Rider_168,2022-04-21
169,Rider_169,2022-12-25
170,Rider_170,2023-07-24
171,Rider_171,2023-01-12
172,Rider_172,2022-04-28
173,Rider_173,2022-10-13
174,Rider_174,2023-08-11
175,Rider_175,2022-08-20
176,Rider_176,2023-03-16
177,Rider_177,2023-07-29
178,Rider_178,2023-09-29
179,Rider_179,2023-09-21
180,Rider_180,2023-11-23
181,Rider_181,2023-10-21
182,Rider_182,2023-07-25
183,Rider_183,2022-01-27
184,Rider_184,2023-09-16
185,Rider_185,2023-11-05
186,Rider_186,2023-12-12
187,Rider_187,2022-10-01
188,Rider_188,2022-01-30
189,Rider_189,2022-07-04
190,Rider_190,2022-10-07
191,Rider_191,2023-12-21
192,Rider_192,2022-11-13
193,Rider_193,2022-12-14
194,Rider_194,2022-12-26
195,Rider_195,2022-01-07
196,Rider_196,2022-07-05
197,Rider_197,2022-05-27
198,Rider_198,2023-08-03
199,Rider_199,2023-11-05
200,Rider_200,2023-02-15
201,Rider_201,2022-03-13
202,Rider_202,2022-05-26
203,Rider_203,2023-10-11
204,Rider_204,2022-02-01
205,Rider_205,2022-04-04
206,Rider_206,2023-06-28
207,Rider_207,2022-08-09
208,Rider_208,2023-01-21
209,Rider_209,2023-03-06
210,Rider_210,2023-04-10
211,Rider_211,2022-12-16
212,Rider_212,2022-06-11
213,Rider_213,2023-01-14
214,Rider_214,2022-11-16
215,Rider_215,2022-11-29
216,Rider_216,2023-08-05
217,Rider_217,2023-09-03
218,Rider_218,2022-03-28
219,Rider_219,2022-02-23
220,Rider_220,2022-06-09
221,Rider_221,2022-06-11
222,Rider_222,2023-09-25
223,Rider_223,2022-02-20
224,Rider_224,2023-11-22
225,Rider_225,2022-03-25
226,Rider_226,2022-10-06
227,Rider_227,2023-03-30
228,Rider_228,2023-11-09
229,Rider_229,2023-03-11
230,Rider_230,2023-05-13
231,Rider_231,2023-09-14
232,Rider_232,2023-03-29
233,Rider_233,2023-03-01
234,Rider_234,2022-10-07
235,Rider_235,2022-08-09
236,Rider_236,2023-06-09
237,Rider_237,2022-04-27
238,Rider_238,2022-12-20
239,Rider_239,2023-03-17
240,Rider_240,2022-04-24
241,Rider_241,2022-10-18
242,Rider_242,2023-11-26
243,Rider_243,2023-11-26
244,Rider_244,2023-08-31
245,Rider_245,2023-05-14
246,Rider_246,2023-06-24
247,Rider_247,2023-11-15
248,Rider_248,2022-11-12
249,Rider_249,2022-02-16
250,Rider_250,2022-08-14
251,Rider_251,2023-02-09
252,Rider_252,2023-09-06
253,Rider_253,2022-02-26
254,Rider_254,2022-01-08
255,Rider_255,2022-07-29
256,Rider_256,2022-11-05
257,Rider_257,2022-08-05
258,Rider_258,2022-05-21
259,Rider_259,2022-09-19
260,Rider_260,2022-10-24
261,Rider_261,2022-12-02
262,Rider_262,2022-05-03
263,Rider_263,2022-01-08
264,Rider_264,2023-05-25
265,Rider_265,2023-03-17
266,Rider_266,2022-06-29
267,Rider_267,2022-05-13
268,Rider_268,2023-01-25
269,Rider_269,2023-06-30
270,Rider_270,2023-12-22
271,Rider_271,2022-08-24
272,Rider_272,2023-05-28
273,Rider_273,2023-07-27
274,Rider_274,2023-11-16
275,Rider_275,2022-12-29
276,Rider_276,2022-03-15
277,Rider_277,2023-02-11
278,Rider_278,2022-02-13
279,Rider_279,2023-03-23
280,Rider_280,2022-01-20
281,Rider_281,2023-04-16
282,Rider_282,2022-03-21
283,Rider_283,2022-11-17
284,Rider_284,2023-08-13
285,Rider_285,2023-03-16
286,Rider_286,2023-08-11
287,Rider_287,2023-02-19
288,Rider_288,2023-12-28
289,Rider_289,2023-10-18
290,Rider_290,2023-03-04
291,Rider_291,2022-10-24
292,Rider_292,2022-04-28
293,Rider_293,2023-02-19
294,Rider_294,2022-01-22
295,Rider_295,2022-11-29
296,Rider_296,2022-06-25
297,Rider_297,2023-09-25
298,Rider_298,2023-04-17
299,Rider_299,2023-12-08
300,Rider_300,2023-01-06
301,Rider_301,2022-04-01
302,Rider_302,2023-03-24
303,Rider_303,2022-04-19
304,Rider_304,2022-09-07
305,Rider_305,2023-03-23
306,Rider_306,2023-08-27
307,Rider_307,2023-02-15
308,Rider_308,2023-06-21
309,Rider_309,2022-03-22
310,Rider_310,2023-02-10
311,Rider_311,2022-11-14
312,Rider_312,2022-12-14
313,Rider_313,2022-08-15
314,Rider_314,2022-12-08
315,Rider_315,2022-06-22
316,Rider_316,2022-03-20
317,Rider_317,2023-06-07
318,Rider_318,2023-10-11
319,Rider_319,2022-04-27
320,Rider_320,2023-06-28
321,Rider_321,2023-06-07
322,Rider_322,2022-07-18
323,Rider_323,2022-12-24
324,Rider_324,2022-12-26
325,Rider_325,2023-10-23
326,Rider_326,2022-06-01
327,Rider_327,2022-08-30
328,Rider_328,2022-04-16
329,Rider_329,2022-05-30
330,Rider_330,2022-09-20
331,Rider_331,2022-07-22
332,Rider_332,2022-06-27
333,Rider_333,2023-09-09
334,Rider_334,2022-06-06
335,Rider_335,2023-11-03
336,Rider_336,2022-03-19
337,Rider_337,2022-07-01
338,Rider_338,2023-10-06
339,Rider_339,2023-05-21
340,Rider_340,2023-04-21
341,Rider_341,2023-08-01
342,Rider_342,2023-08-17
343,Rider_343,2023-04-05
344,Rider_344,2023-11-29
345,Rider_345,2023-08-02
346,Rider_346,2023-10-21
347,Rider_347,2023-10-13
348,Rider_348,2023-10-02
349,Rider_349,2022-11-27
350,Rider_350,2023-10-05
351,Rider_351,2022-11-20
352,Rider_352,2022-06-04
353,Rider_353,2023-03-27
354,Rider_354,2022-03-11
355,Rider_355,2023-04-26
356,Rider_356,2023-03-29
357,Rider_357,2023-10-09
358,Rider_358,2022-11-07
359,Rider_359,2022-10-09
360,Rider_360,2023-08-29
361,Rider_361,2022-02-27
362,Rider_362,2022-12-27
363,Rider_363,2023-06-04
364,Rider_364,2022-03-17
365,Rider_365,2022-11-14
366,Rider_366,2023-04-18
367,Rider_367,2023-04-08
368,Rider_368,2022-02-08
369,Rider_369,2022-02-28
370,Rider_370,2023-01-13
371,Rider_371,2022-10-21
372,Rider_372,2022-03-20
373,Rider_373,2023-10-23
374,Rider_374,2022-04-03
375,Rider_375,2023-09-22
376,Rider_376,2023-09-01
377,Rider_377,2023-06-04
378,Rider_378,2023-01-29
379,Rider_379,2023-04-19
380,Rider_380,2023-08-18
381,Rider_381,2023-07-22
382,Rider_382,2022-02-12
383,Rider_383,2023-04-06
384,Rider_384,2023-08-09
385,Rider_385,2023-10-30
386,Rider_386,2022-07-12
387,Rider_387,2022-11-26
388,Rider_388,2023-09-12
389,Rider_389,2023-05-03
390,Rider_390,2023-05-29
391,Rider_391,2022-06-04
392,Rider_392,2022-03-05
393,Rider_393,2023-04-07
394,Rider_394,2022-04-16
395,Rider_395,2022-12-18
396,Rider_396,2022-03-28
397,Rider_397,2023-06-01
398,Rider_398,2023-10-24
399,Rider_399,2022-06-26
400,Rider_400,2022-02-10
401,Rider_401,2022-09-11
402,Rider_402,2023-12-26
403,Rider_403,2023-03-25
404,Rider_404,2023-03-26
405,Rider_405,2023-06-21
406,Rider_406,2023-06-20
407,Rider_407,2023-09-17
408,Rider_408,2022-06-12
409,Rider_409,2023-01-08
410,Rider_410,2023-01-17
411,Rider_411,2022-10-17
412,Rider_412,2023-02-01
413,Rider_413,2023-02-23
414,Rider_414,2022-12-13
415,Rider_415,2023-11-27
416,Rider_416,2023-09-05
417,Rider_417,2022-02-23
418,Rider_418,2023-10-09
419,Rider_419,2023-10-25
420,Rider_420,2022-12-09
421,Rider_421,2022-03-09
422,Rider_422,2022-12-04
423,Rider_423,2022-04-07
424,Rider_424,2023-07-26
425,Rider_425,2023-11-26
426,Rider_426,2023-01-31
427,Rider_427,2022-10-18
428,Rider_428,2022-09-16
429,Rider_429,2023-11-04
430,Rider_430,2023-09-10
431,Rider_431,2022-06-03
432,Rider_432,2022-12-08
433,Rider_433,2022-03-25
434,Rider_434,2023-08-20
435,Rider_435,2023-11-11
436,Rider_436,2022-05-25
437,Rider_437,2022-12-25
438,Rider_438,2022-11-14
439,Rider_439,2023-11-03
440,Rider_440,2023-12-17
441,Rider_441,2023-11-10
442,Rider_442,2023-02-06
443,Rider_443,2022-05-13
444,Rider_444,2023-09-02
445,Rider_445,2023-12-27
446,Rider_446,2022-03-28
447,Rider_447,2022-11-14
448,Rider_448,2023-07-27
449,Rider_449,2023-01-21
450,Rider_450,2023-10-21
451,Rider_451,2022-12-03
452,Rider_452,2022-05-11
453,Rider_453,2023-11-18
454,Rider_454,2023-12-21
455,Rider_455,2023-12-03
456,Rider_456,2023-06-24
457,Rider_457,2022-04-06
458,Rider_458,2023-10-24
459,Rider_459,2023-11-18
460,Rider_460,2023-03-10
461,Rider_461,2023-06-05
462,Rider_462,2023-01-06
463,Rider_463,2022-01-19
464,Rider_464,2023-01-07
465,Rider_465,2022-11-13
466,Rider_466,2022-07-04
467,Rider_467,2022-08-08
468,Rider_468,2022-12-16
469,Rider_469,2023-05-13
470,Rider_470,2022-07-16
471,Rider_471,2022-08-20
472,Rider_472,2022-05-21
473,Rider_473,2022-06-08
474,Rider_474,2022-03-21
475,Rider_475,2022-10-30
476,Rider_476,2022-04-14
477,Rider_477,2023-06-04
478,Rider_478,2023-07-07
479,Rider_479,2023-06-24
480,Rider_480,2022-02-08
481,Rider_481,2023-11-09
482,Rider_482,2022-12-11
483,Rider_483,2023-09-25
484,Rider_484,2022-05-15
485,Rider_485,2023-09-04
486,Rider_486,2023-01-21
487,Rider_487,2022-06-07
488,Rider_488,2022-06-16
489,Rider_489,2022-07-05
490,Rider_490,2023-12-11
491,Rider_491,2023-10-02
492,Rider_492,2022-06-19
493,Rider_493,2023-03-25
494,Rider_494,2022-02-14
495,Rider_495,2023-02-25
496,Rider_496,2023-01-09
497,Rider_497,2023-11-24
498,Rider_498,2022-09-01
499,Rider_499,2023-03-31
500,Rider_500,2023-09-18
501,Rider_501,2022-10-19
502,Rider_502,2023-04-05
503,Rider_503,2022-08-28
504,Rider_504,2023-07-01
505,Rider_505,2022-09-02
506,Rider_506,2022-11-13
507,Rider_507,2023-04-26
508,Rider_508,2022-07-18
509,Rider_509,2023-01-12
510,Rider_510,2023-11-26
511,Rider_511,2023-08-08
512,Rider_512,2023-03-28
513,Rider_513,2023-04-18
514,Rider_514,2022-10-16
515,Rider_515,2023-01-27
516,Rider_516,2023-05-30
517,Rider_517,2023-06-25
518,Rider_518,2023-03-05
519,Rider_519,2022-06-15
520,Rider_520,2022-07-24
521,Rider_521,2023-09-12
522,Rider_522,2022-05-22
523,Rider_523,2022-09-14
524,Rider_524,2022-02-23
525,Rider_525,2023-10-19
526,Rider_526,2023-05-08
527,Rider_527,2023-01-16
528,Rider_528,2023-07-22
529,Rider_529,2022-04-16
530,Rider_530,2023-12-30
531,Rider_531,2023-06-13
532,Rider_532,2022-05-08
533,Rider_533,2022-10-19
534,Rider_534,2022-03-27
535,Rider_535,2022-06-14
536,Rider_536,2022-10-07
537,Rider_537,2023-04-06
538,Rider_538,2023-06-10
539,Rider_539,2022-05-31
540,Rider_540,2023-03-24
541,Rider_541,2022-04-04
542,Rider_542,2022-08-16
543,Rider_543,2023-04-07
544,Rider_544,2022-12-24
545,Rider_545,2022-01-28
546,Rider_546,2023-03-01
547,Rider_547,2022-02-24
548,Rider_548,2023-02-10
549,Rider_549,2023-05-30
550,Rider_550,2023-01-18
551,Rider_551,2022-08-30
552,Rider_552,2023-01-31
553,Rider_553,2022-03-25
554,Rider_554,2023-01-19
555,Rider_555,2022-08-18
556,Rider_556,2022-01-29
557,Rider_557,2022-11-23
558,Rider_558,2022-04-12
559,Rider_559,2023-10-28
560,Rider_560,2022-12-10
561,Rider_561,2022-05-30
562,Rider_562,2022-05-21
563,Rider_563,2022-02-09
564,Rider_564,2022-10-21
565,Rider_565,2023-04-29
566,Rider_566,2023-12-14
567,Rider_567,2022-05-23
568,Rider_568,2023-12-24
569,Rider_569,2023-04-26
570,Rider_570,2023-04-05
571,Rider_571,2023-09-23
572,Rider_572,2022-01-06
573,Rider_573,2022-03-23
574,Rider_574,2022-01-20
575,Rider_575,2022-09-20
576,Rider_576,2022-08-09
577,Rider_577,2022-06-03
578,Rider_578,2023-07-16
579,Rider_579,2023-09-16
580,Rider_580,2023-06-25
581,Rider_581,2023-03-10
582,Rider_582,2022-04-24
583,Rider_583,2022-10-23
584,Rider_584,2022-09-01
585,Rider_585,2022-11-05
586,Rider_586,2022-05-05
587,Rider_587,2022-02-18
588,Rider_588,2022-09-02
589,Rider_589,2023-03-06
590,Rider_590,2023-10-17
591,Rider_591,2023-09-30
592,Rider_592,2023-04-14
593,Rider_593,2022-03-06
594,Rider_594,2022-04-24
595,Rider_595,2023-05-27
596,Rider_596,2023-09-04
597,Rider_597,2023-07-03
598,Rider_598,2022-01-17
599,Rider_599,2023-10-10
600,Rider_600,2023-06-12
601,Rider_601,2023-08-12
602,Rider_602,2022-09-05
603,Rider_603,2022-05-28
604,Rider_604,2022-10-26
605,Rider_605,2023-03-16
606,Rider_606,2022-01-02
607,Rider_607,2023-09-22
608,Rider_608,2022-12-28
609,Rider_609,2022-09-04
610,Rider_610,2023-08-08
611,Rider_611,2023-03-03
612,Rider_612,2022-07-11
613,Rider_613,2023-11-12
614,Rider_614,2023-11-16
615,Rider_615,2022-03-29
616,Rider_616,2023-06-21
617,Rider_617,2023-01-05
618,Rider_618,2022-03-11
619,Rider_619,2023-06-23
620,Rider_620,2023-07-12
621,Rider_621,2023-06-04
622,Rider_622,2023-06-04
623,Rider_623,2023-07-22
624,Rider_624,2022-01-21
625,Rider_625,2023-02-04
626,Rider_626,2023-04-27
627,Rider_627,2022-02-14
628,Rider_628,2023-10-13
629,Rider_629,2023-02-01
630,Rider_630,2023-01-18
631,Rider_631,2022-09-17
632,Rider_632,2022-01-17
633,Rider_633,2023-01-01
634,Rider_634,2022-03-11
635,Rider_635,2022-12-20
636,Rider_636,2022-09-04
637,Rider_637,2023-11-04
638,Rider_638,2023-10-06
639,Rider_639,2022-04-17
640,Rider_640,2023-08-19
641,Rider_641,2022-12-07
642,Rider_642,2022-05-17
643,Rider_643,2022-02-15
644,Rider_644,2022-12-27
645,Rider_645,2023-07-14
646,Rider_646,2022-12-13
647,Rider_647,2023-10-21
648,Rider_648,2022-06-29
649,Rider_649,2023-12-03
650,Rider_650,2023-04-21
651,Rider_651,2023-12-14
652,Rider_652,2023-05-06
653,Rider_653,2023-10-09
654,Rider_654,2022-07-06
655,Rider_655,2022-05-19
656,Rider_656,2022-03-06
657,Rider_657,2023-04-14
658,Rider_658,2022-02-07
659,Rider_659,2022-10-28
660,Rider_660,2022-07-26
661,Rider_661,2022-02-14
662,Rider_662,2022-07-24
663,Rider_663,2022-02-12
664,Rider_664,2022-11-20
665,Rider_665,2022-11-14
666,Rider_666,2023-06-12
667,Rider_667,2023-02-12
668,Rider_668,2023-07-11
669,Rider_669,2023-04-30
670,Rider_670,2022-09-17
671,Rider_671,2022-02-07
672,Rider_672,2023-10-25
673,Rider_673,2022-07-15
674,Rider_674,2022-10-20
675,Rider_675,2023-01-01
676,Rider_676,2022-02-18
677,Rider_677,2023-11-03
678,Rider_678,2022-12-06
679,Rider_679,2022-10-07
680,Rider_680,2022-05-08
681,Rider_681,2023-01-12
682,Rider_682,2023-03-24
683,Rider_683,2023-02-14
684,Rider_684,2023-03-27
685,Rider_685,2023-01-31
686,Rider_686,2022-12-14
687,Rider_687,2022-07-11
688,Rider_688,2023-05-24
689,Rider_689,2023-12-10
690,Rider_690,2023-05-25
691,Rider_691,2023-01-12
692,Rider_692,2023-06-16
693,Rider_693,2022-10-01
694,Rider_694,2022-03-26
695,Rider_695,2023-03-11
696,Rider_696,2022-03-22
697,Rider_697,2023-03-17
698,Rider_698,2023-09-09
699,Rider_699,2022-07-04
700,Rider_700,2023-07-13
701,Rider_701,2022-10-28
702,Rider_702,2022-11-25
703,Rider_703,2022-04-16
704,Rider_704,2022-03-23
705,Rider_705,2022-12-02
706,Rider_706,2023-11-08
707,Rider_707,2022-10-30
708,Rider_708,2022-11-10
709,Rider_709,2023-04-02
710,Rider_710,2023-09-10
711,Rider_711,2023-03-13
712,Rider_712,2022-06-20
713,Rider_713,2023-12-08
714,Rider_714,2023-03-31
715,Rider_715,2022-12-26
716,Rider_716,2023-04-03
717,Rider_717,2022-02-13
718,Rider_718,2022-12-28
719,Rider_719,2023-09-22
720,Rider_720,2023-03-22
721,Rider_721,2022-10-09
722,Rider_722,2023-10-17
723,Rider_723,2022-02-28
724,Rider_724,2022-03-18
725,Rider_725,2023-11-19
726,Rider_726,2023-10-15
727,Rider_727,2023-02-20
728,Rider_728,2023-01-08
729,Rider_729,2023-06-10
730,Rider_730,2023-11-27
731,Rider_731,2022-06-13
732,Rider_732,2022-02-01
733,Rider_733,2022-05-27
734,Rider_734,2023-09-15
735,Rider_735,2023-11-26
736,Rider_736,2023-03-25
737,Rider_737,2022-02-05
738,Rider_738,2022-05-10
739,Rider_739,2022-03-10
740,Rider_740,2022-08-30
741,Rider_741,2023-10-23
742,Rider_742,2023-01-11
743,Rider_743,2023-01-06
744,Rider_744,2023-01-28
745,Rider_745,2023-08-04
746,Rider_746,2022-02-03
747,Rider_747,2023-09-12
748,Rider_748,2022-06-07
749,Rider_749,2023-11-27
750,Rider_750,2023-04-06
751,Rider_751,2023-01-15
752,Rider_752,2023-01-16
753,Rider_753,2023-03-31
754,Rider_754,2022-03-20
755,Rider_755,2023-08-11
756,Rider_756,2022-05-21
757,Rider_757,2023-06-27
758,Rider_758,2023-01-11
759,Rider_759,2023-02-12
760,Rider_760,2022-11-18
761,Rider_761,2023-10-28
762,Rider_762,2022-10-13
763,Rider_763,2022-09-13
764,Rider_764,2022-04-27
765,Rider_765,2022-01-27
766,Rider_766,2022-07-10
767,Rider_767,2023-05-27
768,Rider_768,2023-06-15
769,Rider_769,2023-02-01
770,Rider_770,2023-07-30
771,Rider_771,2022-05-01
772,Rider_772,2022-09-26
773,Rider_773,2022-09-24
774,Rider_774,2023-12-22
775,Rider_775,2023-04-02
776,Rider_776,2022-08-08
777,Rider_777,2023-09-19
778,Rider_778,2022-10-20
779,Rider_779,2023-12-12
780,Rider_780,2023-05-18
781,Rider_781,2022-07-24
782,Rider_782,2022-05-06
783,Rider_783,2022-05-19
784,Rider_784,2022-03-17
785,Rider_785,2023-04-08
786,Rider_786,2022-06-26
787,Rider_787,2023-04-01
788,Rider_788,2022-03-31
789,Rider_789,2023-11-30
790,Rider_790,2022-11-24
791,Rider_791,2023-11-15
792,Rider_792,2022-12-22
793,Rider_793,2023-12-28
794,Rider_794,2022-03-08
795,Rider_795,2023-07-18
796,Rider_796,2023-07-10
797,Rider_797,2022-10-25
798,Rider_798,2022-11-04
799,Rider_799,2022-06-11
800,Rider_800,2023-12-30
801,Rider_801,2023-12-28
802,Rider_802,2023-12-19
803,Rider_803,2023-10-16
804,Rider_804,2022-06-28
805,Rider_805,2023-01-06
806,Rider_806,2023-06-05
807,Rider_807,2022-08-18
808,Rider_808,2022-05-05
809,Rider_809,2022-07-25
810,Rider_810,2022-05-23
811,Rider_811,2022-08-31
812,Rider_812,2023-05-21
813,Rider_813,2022-01-27
814,Rider_814,2023-01-05
815,Rider_815,2023-07-22
816,Rider_816,2023-08-10
817,Rider_817,2023-01-13
818,Rider_818,2023-04-24
819,Rider_819,2023-07-19
820,Rider_820,2022-05-13
821,Rider_821,2023-09-19
822,Rider_822,2022-03-30
823,Rider_823,2022-03-09
824,Rider_824,2022-11-13
825,Rider_825,2023-02-12
826,Rider_826,2023-05-06
827,Rider_827,2023-06-23
828,Rider_828,2023-02-25
829,Rider_829,2023-02-24
830,Rider_830,2023-08-12
831,Rider_831,2022-03-17
832,Rider_832,2022-05-09
833,Rider_833,2022-11-21
834,Rider_834,2023-10-20
835,Rider_835,2022-03-17
836,Rider_836,2023-04-06
837,Rider_837,2023-04-23
838,Rider_838,2023-11-28
839,Rider_839,2023-06-14
840,Rider_840,2022-12-19
841,Rider_841,2022-05-12
842,Rider_842,2023-07-19
843,Rider_843,2023-10-18
844,Rider_844,2023-08-25
845,Rider_845,2022-07-06
846,Rider_846,2022-05-13
847,Rider_847,2023-03-20
848,Rider_848,2023-05-30
849,Rider_849,2022-02-26
850,Rider_850,2022-05-08
851,Rider_851,2023-06-15
852,Rider_852,2022-06-06
853,Rider_853,2022-11-08
854,Rider_854,2022-06-18
855,Rider_855,2022-06-15
856,Rider_856,2022-11-27
857,Rider_857,2023-12-28
858,Rider_858,2022-08-19
859,Rider_859,2022-12-21
860,Rider_860,2023-06-16
861,Rider_861,2022-10-18
862,Rider_862,2022-03-22
863,Rider_863,2022-09-14
864,Rider_864,2022-07-21
865,Rider_865,2023-10-13
866,Rider_866,2023-07-19
867,Rider_867,2022-10-09
868,Rider_868,2022-05-09
869,Rider_869,2023-10-03
870,Rider_870,2022-11-07
871,Rider_871,2023-09-22
872,Rider_872,2023-07-01
873,Rider_873,2022-04-06
874,Rider_874,2023-05-30
875,Rider_875,2023-10-19
876,Rider_876,2022-06-22
877,Rider_877,2023-08-30
878,Rider_878,2023-08-18
879,Rider_879,2022-06-07
880,Rider_880,2022-06-25
881,Rider_881,2023-11-06
882,Rider_882,2023-10-02
883,Rider_883,2023-09-12
884,Rider_884,2022-12-12
885,Rider_885,2023-08-01
886,Rider_886,2022-02-12
887,Rider_887,2022-01-30
888,Rider_888,2022-03-25
889,Rider_889,2022-02-16
890,Rider_890,2023-10-19
891,Rider_891,2023-08-14
892,Rider_892,2022-09-29
893,Rider_893,2023-10-29
894,Rider_894,2022-08-04
895,Rider_895,2023-08-09
896,Rider_896,2023-03-03
897,Rider_897,2023-09-25
898,Rider_898,2023-10-17
899,Rider_899,2022-02-01
900,Rider_900,2023-05-25
901,Rider_901,2023-10-05
902,Rider_902,2023-07-13
903,Rider_903,2022-10-24
904,Rider_904,2023-10-20
905,Rider_905,2022-11-06
906,Rider_906,2023-05-10
907,Rider_907,2022-09-08
908,Rider_908,2023-12-03
909,Rider_909,2023-02-20
910,Rider_910,2022-11-01
911,Rider_911,2023-04-10
912,Rider_912,2022-03-16
913,Rider_913,2023-12-07
914,Rider_914,2022-03-03
915,Rider_915,2022-06-11
916,Rider_916,2023-03-27
917,Rider_917,2023-03-02
918,Rider_918,2023-05-11
919,Rider_919,2023-04-21
920,Rider_920,2022-07-28
921,Rider_921,2022-12-15
922,Rider_922,2023-09-14
923,Rider_923,2022-05-28
924,Rider_924,2022-11-17
925,Rider_925,2022-11-23
926,Rider_926,2022-12-20
927,Rider_927,2023-02-13
928,Rider_928,2022-05-14
929,Rider_929,2023-01-15
930,Rider_930,2023-06-12
931,Rider_931,2023-07-30
932,Rider_932,2022-04-19
933,Rider_933,2022-11-23
934,Rider_934,2022-09-05
935,Rider_935,2023-04-23
936,Rider_936,2022-05-06
937,Rider_937,2022-10-01
938,Rider_938,2023-04-06
939,Rider_939,2022-09-11
940,Rider_940,2022-05-25
941,Rider_941,2022-04-10
942,Rider_942,2022-02-21
943,Rider_943,2022-10-25
944,Rider_944,2023-01-29
945,Rider_945,2023-09-23
946,Rider_946,2023-03-05
947,Rider_947,2022-09-12
948,Rider_948,2022-06-13
949,Rider_949,2022-12-02
950,Rider_950,2023-08-15
951,Rider_951,2022-11-17
952,Rider_952,2022-07-14
953,Rider_953,2022-06-13
954,Rider_954,2023-05-26
955,Rider_955,2023-06-12
956,Rider_956,2023-04-24
957,Rider_957,2023-05-26
958,Rider_958,2022-11-12
959,Rider_959,2023-05-25
960,Rider_960,2022-01-24
961,Rider_961,2022-04-03
962,Rider_962,2023-02-07
963,Rider_963,2023-06-02
964,Rider_964,2023-04-14
965,Rider_965,2022-09-04
966,Rider_966,2022-08-09
967,Rider_967,2023-08-21
968,Rider_968,2022-12-28
969,Rider_969,2022-02-19
970,Rider_970,2022-02-21
971,Rider_971,2022-10-16
972,Rider_972,2023-05-22
973,Rider_973,2023-09-04
974,Rider_974,2023-11-01
975,Rider_975,2023-11-20
976,Rider_976,2023-04-27
977,Rider_977,2022-10-20
978,Rider_978,2023-07-04
979,Rider_979,2022-01-09
980,Rider_980,2022-04-21
981,Rider_981,2023-03-18
982,Rider_982,2022-05-18
983,Rider_983,2022-09-28
984,Rider_984,2023-01-10
985,Rider_985,2023-02-17
986,Rider_986,2023-01-10
987,Rider_987,2022-02-16
988,Rider_988,2023-02-15
989,Rider_989,2022-02-22
990,Rider_990,2023-08-07
991,Rider_991,2023-07-30
992,Rider_992,2022-07-19
993,Rider_993,2023-01-07
994,Rider_994,2023-07-21
995,Rider_995,2022-10-23
996,Rider_996,2022-03-17
997,Rider_997,2023-01-31
998,Rider_998,2023-06-01
999,Rider_999,2023-04-07
1000,Rider_1000,2023-07-18
